-- ============================================================
-- SEED: Datos Iniciales — Inspecciones Marzo 2026
-- Fuente: Informes PyC-UT-QB-0899, 0901, 0902
-- ============================================================

-- ESTACIONES
INSERT INTO stations (id, code, name, location) VALUES
  ('10000000-0000-0000-0000-000000000001', 'PS1', 'Estación de Bombeo 1',        'TECK QB — MWS'),
  ('10000000-0000-0000-0000-000000000002', 'PS2', 'Estación de Bombeo 2',        'TECK QB — MWS'),
  ('10000000-0000-0000-0000-000000000003', 'VS2', 'Estación de Válvulas N°2 CTS','TECK QB — CTS')
ON CONFLICT (code) DO NOTHING;

-- INSPECCIONES
INSERT INTO inspections (id, station_id, report_number, inspector, inspection_date, result) VALUES
  ('20000000-0000-0000-0000-000000000001',
   '10000000-0000-0000-0000-000000000001',
   'PyC-UT-QB-0899-Rev0', 'Pedro Parra C.',    '2026-03-24', 'ACEPTADO'),
  ('20000000-0000-0000-0000-000000000002',
   '10000000-0000-0000-0000-000000000002',
   'PyC-UT-QB-0901-Rev0', 'Ignacio Torres Y.', '2026-03-30', 'ACEPTADO'),
  ('20000000-0000-0000-0000-000000000003',
   '10000000-0000-0000-0000-000000000003',
   'PyC-UT-QB-0902-Rev0', 'Ignacio Torres Y.', '2026-03-31', 'ACEPTADO');

-- ============================================================
-- PS1 — LÍNEAS
-- ============================================================
INSERT INTO pipe_lines (id, inspection_id, tag, diameter_inches, element_type) VALUES
  ('31000000-0000-0000-0000-000000000001','20000000-0000-0000-0000-000000000001','0651-SW-A1-42''-1001','42','STRAIGHT'),
  ('31000000-0000-0000-0000-000000000002','20000000-0000-0000-0000-000000000001','0651-SW-A1-42''-1001 (ramal 8'')','8','STRAIGHT'),
  ('31000000-0000-0000-0000-000000000003','20000000-0000-0000-0000-000000000001','0651-SWA1-20''-2006 (bomba 611)','20','STRAIGHT'),
  ('31000000-0000-0000-0000-000000000004','20000000-0000-0000-0000-000000000001','0651-SWA1-20''-2006 codo (bomba 611)','20','ELBOW_90'),
  ('31000000-0000-0000-0000-000000000005','20000000-0000-0000-0000-000000000001','0651-SW-A1-20''-1003','20','STRAIGHT'),
  ('31000000-0000-0000-0000-000000000006','20000000-0000-0000-0000-000000000001','0651-SW-A1-20''-1007','20','STRAIGHT'),
  ('31000000-0000-0000-0000-000000000007','20000000-0000-0000-0000-000000000001','0651-SW-A1-20''-1009','20','STRAIGHT'),
  ('31000000-0000-0000-0000-000000000008','20000000-0000-0000-0000-000000000001','0651-SW-AA1-20''-1011','20','STRAIGHT'),
  ('31000000-0000-0000-0000-000000000009','20000000-0000-0000-0000-000000000001','0651-SW-W4-16''-1004','16','STRAIGHT'),
  ('31000000-0000-0000-0000-000000000010','20000000-0000-0000-0000-000000000001','0651-SW-W4-16''-1006','16','STRAIGHT'),
  ('31000000-0000-0000-0000-000000000011','20000000-0000-0000-0000-000000000001','0651-SW-W4-16''-1008','16','STRAIGHT'),
  ('31000000-0000-0000-0000-000000000012','20000000-0000-0000-0000-000000000001','0651-SW-W4-16''-1010','16','STRAIGHT'),
  ('31000000-0000-0000-0000-000000000013','20000000-0000-0000-0000-000000000001','0651-SW-W4-16''-1012','16','STRAIGHT'),
  ('31000000-0000-0000-0000-000000000014','20000000-0000-0000-0000-000000000001','0651-SW-W4-30''-1002','30','STRAIGHT'),
  ('31000000-0000-0000-0000-000000000015','20000000-0000-0000-0000-000000000001','0651-SW-W4-36''-1017','36','STRAIGHT'),
  ('31000000-0000-0000-0000-000000000016','20000000-0000-0000-0000-000000000001','0651-SW-W4-30''-1035','30','STRAIGHT');

-- ============================================================
-- PS1 — MEDICIONES
-- Manifold 42" M1 (tramo recto A1)
INSERT INTO measurements (pipe_line_id, ring_number, angle_degrees, thickness_mm, measured_at) VALUES
  ('31000000-0000-0000-0000-000000000001','A1',   0, 12.33,'2026-03-17'),
  ('31000000-0000-0000-0000-000000000001','A1',  90, 12.15,'2026-03-17'),
  ('31000000-0000-0000-0000-000000000001','A1', 135, 12.10,'2026-03-17'),
  ('31000000-0000-0000-0000-000000000001','A1', 180, 12.15,'2026-03-17'),
  ('31000000-0000-0000-0000-000000000001','A1', 225, 12.33,'2026-03-17'),
  ('31000000-0000-0000-0000-000000000001','A1', 270, 12.27,'2026-03-17'),
  ('31000000-0000-0000-0000-000000000001','A1', 315, 11.92,'2026-03-17');

-- Ramal 8" en cabezal 42" — MÍNIMO GLOBAL PS1 (A2)
INSERT INTO measurements (pipe_line_id, ring_number, angle_degrees, thickness_mm, measured_at) VALUES
  ('31000000-0000-0000-0000-000000000002','A2',   0, 7.14,'2026-03-17'),
  ('31000000-0000-0000-0000-000000000002','A2',  45, 7.02,'2026-03-17'),
  ('31000000-0000-0000-0000-000000000002','A2',  90, 7.20,'2026-03-17'),
  ('31000000-0000-0000-0000-000000000002','A2', 135, 7.08,'2026-03-17'),
  ('31000000-0000-0000-0000-000000000002','A2', 180, 7.14,'2026-03-17'),
  ('31000000-0000-0000-0000-000000000002','A2', 225, 7.14,'2026-03-17'),
  ('31000000-0000-0000-0000-000000000002','A2', 270, 7.26,'2026-03-17'),
  ('31000000-0000-0000-0000-000000000002','A2', 315, 7.02,'2026-03-17');

-- Bomba 611 — línea 20" tramo recto M1
INSERT INTO measurements (pipe_line_id, ring_number, angle_degrees, thickness_mm, measured_at) VALUES
  ('31000000-0000-0000-0000-000000000003','A1',   0, 8.97,'2026-03-14'),
  ('31000000-0000-0000-0000-000000000003','A1',  45, 8.97,'2026-03-14'),
  ('31000000-0000-0000-0000-000000000003','A1',  90, 9.03,'2026-03-14'),
  ('31000000-0000-0000-0000-000000000003','A1', 135, 8.91,'2026-03-14'),
  ('31000000-0000-0000-0000-000000000003','A1', 180, 8.85,'2026-03-14'),
  ('31000000-0000-0000-0000-000000000003','A1', 225, 8.85,'2026-03-14'),
  ('31000000-0000-0000-0000-000000000003','A1', 270, 8.97,'2026-03-14'),
  ('31000000-0000-0000-0000-000000000003','A1', 315, 8.91,'2026-03-14'),
-- tramo recto M5
  ('31000000-0000-0000-0000-000000000003','A5',   0, 8.50,'2026-03-14'),
  ('31000000-0000-0000-0000-000000000003','A5',  45, 8.79,'2026-03-14'),
  ('31000000-0000-0000-0000-000000000003','A5',  90, 8.79,'2026-03-14'),
  ('31000000-0000-0000-0000-000000000003','A5', 135, 8.73,'2026-03-14'),
  ('31000000-0000-0000-0000-000000000003','A5', 180, 8.67,'2026-03-14'),
  ('31000000-0000-0000-0000-000000000003','A5', 225, 8.67,'2026-03-14'),
  ('31000000-0000-0000-0000-000000000003','A5', 270, 8.79,'2026-03-14'),
  ('31000000-0000-0000-0000-000000000003','A5', 315, 8.56,'2026-03-14');

-- Bomba 611 — codos 90° (M2, M3, M4)
INSERT INTO measurements (pipe_line_id, ring_number, angle_degrees, thickness_mm, measured_at) VALUES
  ('31000000-0000-0000-0000-000000000004','A2',   0,10.32,'2026-03-14'),
  ('31000000-0000-0000-0000-000000000004','A2',  45,10.03,'2026-03-14'),
  ('31000000-0000-0000-0000-000000000004','A2',  90, 9.68,'2026-03-14'),
  ('31000000-0000-0000-0000-000000000004','A2', 135, 9.74,'2026-03-14'),
  ('31000000-0000-0000-0000-000000000004','A2', 180,10.21,'2026-03-14'),
  ('31000000-0000-0000-0000-000000000004','A2', 225,10.74,'2026-03-14'),
  ('31000000-0000-0000-0000-000000000004','A2', 270,10.15,'2026-03-14'),
  ('31000000-0000-0000-0000-000000000004','A2', 315,10.68,'2026-03-14'),
  ('31000000-0000-0000-0000-000000000004','A3',   0,10.50,'2026-03-14'),
  ('31000000-0000-0000-0000-000000000004','A3',  45,10.21,'2026-03-14'),
  ('31000000-0000-0000-0000-000000000004','A3',  90, 9.91,'2026-03-14'),
  ('31000000-0000-0000-0000-000000000004','A3', 135, 9.85,'2026-03-14'),
  ('31000000-0000-0000-0000-000000000004','A3', 180, 9.85,'2026-03-14'),
  ('31000000-0000-0000-0000-000000000004','A3', 225,10.50,'2026-03-14'),
  ('31000000-0000-0000-0000-000000000004','A3', 270, 9.50,'2026-03-14'),
  ('31000000-0000-0000-0000-000000000004','A3', 315,10.44,'2026-03-14'),
  ('31000000-0000-0000-0000-000000000004','A4',   0,10.44,'2026-03-14'),
  ('31000000-0000-0000-0000-000000000004','A4',  45,10.15,'2026-03-14'),
  ('31000000-0000-0000-0000-000000000004','A4',  90, 9.97,'2026-03-14'),
  ('31000000-0000-0000-0000-000000000004','A4', 135, 9.97,'2026-03-14'),
  ('31000000-0000-0000-0000-000000000004','A4', 180,10.15,'2026-03-14'),
  ('31000000-0000-0000-0000-000000000004','A4', 225,10.03,'2026-03-14'),
  ('31000000-0000-0000-0000-000000000004','A4', 270, 9.74,'2026-03-14'),
  ('31000000-0000-0000-0000-000000000004','A4', 315,10.50,'2026-03-14');

-- Líneas 20" restantes — mínimos representativos
INSERT INTO measurements (pipe_line_id, ring_number, angle_degrees, thickness_mm, measured_at) VALUES
  ('31000000-0000-0000-0000-000000000005','A18',  0, 9.03,'2026-03-15'),
  ('31000000-0000-0000-0000-000000000005','A18', 90, 8.26,'2026-03-15'),
  ('31000000-0000-0000-0000-000000000005','A18',180, 9.74,'2026-03-15'),
  ('31000000-0000-0000-0000-000000000005','A18',270, 9.20,'2026-03-15'),
  ('31000000-0000-0000-0000-000000000006','A18',  0, 8.50,'2026-03-15'),
  ('31000000-0000-0000-0000-000000000006','A18', 90, 8.02,'2026-03-15'),
  ('31000000-0000-0000-0000-000000000006','A18',180, 9.15,'2026-03-15'),
  ('31000000-0000-0000-0000-000000000006','A18',270, 8.90,'2026-03-15'),
  ('31000000-0000-0000-0000-000000000007','A12',  0, 8.14,'2026-03-15'),
  ('31000000-0000-0000-0000-000000000007','A12', 90, 8.02,'2026-03-15'),
  ('31000000-0000-0000-0000-000000000007','A12',180, 8.50,'2026-03-15'),
  ('31000000-0000-0000-0000-000000000007','A12',270, 8.67,'2026-03-15'),
  ('31000000-0000-0000-0000-000000000008','A3',   0, 8.90,'2026-03-15'),
  ('31000000-0000-0000-0000-000000000008','A3',  90, 8.38,'2026-03-15'),
  ('31000000-0000-0000-0000-000000000008','A3', 180, 9.50,'2026-03-15'),
  ('31000000-0000-0000-0000-000000000008','A3', 270,10.97,'2026-03-15');

-- Líneas 16" descarga
INSERT INTO measurements (pipe_line_id, ring_number, angle_degrees, thickness_mm, measured_at) VALUES
  ('31000000-0000-0000-0000-000000000009','A3',  0,15.58,'2026-03-14'),
  ('31000000-0000-0000-0000-000000000009','A3', 90,14.93,'2026-03-14'),
  ('31000000-0000-0000-0000-000000000009','A3',180,15.34,'2026-03-14'),
  ('31000000-0000-0000-0000-000000000009','A3',270,14.46,'2026-03-14'),
  ('31000000-0000-0000-0000-000000000010','A29', 0,15.75,'2026-03-14'),
  ('31000000-0000-0000-0000-000000000010','A29',90,15.22,'2026-03-14'),
  ('31000000-0000-0000-0000-000000000010','A29',180,16.11,'2026-03-14'),
  ('31000000-0000-0000-0000-000000000010','A29',270,15.58,'2026-03-14');

-- Cabezal 30" (min 22.36 mm)
INSERT INTO measurements (pipe_line_id, ring_number, angle_degrees, thickness_mm, measured_at) VALUES
  ('31000000-0000-0000-0000-000000000014','A1',   0,25.31,'2026-03-18'),
  ('31000000-0000-0000-0000-000000000014','A1',  45,25.31,'2026-03-18'),
  ('31000000-0000-0000-0000-000000000014','A1',  90,25.31,'2026-03-18'),
  ('31000000-0000-0000-0000-000000000014','A1', 135,25.37,'2026-03-18'),
  ('31000000-0000-0000-0000-000000000014','A1', 180,25.31,'2026-03-18'),
  ('31000000-0000-0000-0000-000000000014','A1', 225,24.78,'2026-03-18'),
  ('31000000-0000-0000-0000-000000000014','A1', 270,25.37,'2026-03-18'),
  ('31000000-0000-0000-0000-000000000014','A1', 315,25.43,'2026-03-18'),
  ('31000000-0000-0000-0000-000000000014','A13',  0,25.13,'2026-03-18'),
  ('31000000-0000-0000-0000-000000000014','A13', 90,22.36,'2026-03-18'),
  ('31000000-0000-0000-0000-000000000014','A13',180,24.96,'2026-03-18'),
  ('31000000-0000-0000-0000-000000000014','A13',270,25.37,'2026-03-18');

-- Tubería salida 36"
INSERT INTO measurements (pipe_line_id, ring_number, angle_degrees, thickness_mm, measured_at) VALUES
  ('31000000-0000-0000-0000-000000000015','A5',   0,28.44,'2026-03-19'),
  ('31000000-0000-0000-0000-000000000015','A5',  45,28.62,'2026-03-19'),
  ('31000000-0000-0000-0000-000000000015','A5',  90,28.73,'2026-03-19'),
  ('31000000-0000-0000-0000-000000000015','A5', 135,28.62,'2026-03-19'),
  ('31000000-0000-0000-0000-000000000015','A5', 180,28.50,'2026-03-19'),
  ('31000000-0000-0000-0000-000000000015','A5', 225,28.38,'2026-03-19'),
  ('31000000-0000-0000-0000-000000000015','A5', 270,28.73,'2026-03-19'),
  ('31000000-0000-0000-0000-000000000015','A5', 315,28.73,'2026-03-19'),
  ('31000000-0000-0000-0000-000000000015','A11',  0,18.64,'2026-03-19'),
  ('31000000-0000-0000-0000-000000000015','A11', 90,17.29,'2026-03-19'),
  ('31000000-0000-0000-0000-000000000015','A11',180,18.76,'2026-03-19'),
  ('31000000-0000-0000-0000-000000000015','A11',270,19.00,'2026-03-19');

-- ============================================================
-- PS2 — LÍNEAS
-- ============================================================
INSERT INTO pipe_lines (id, inspection_id, tag, diameter_inches, element_type) VALUES
  ('32000000-0000-0000-0000-000000000001','20000000-0000-0000-0000-000000000002','0652-SW-A1-36''-2001','36','STRAIGHT'),
  ('32000000-0000-0000-0000-000000000002','20000000-0000-0000-0000-000000000002','0652-SW-A1-20''-2005 (bomba 621)','20','STRAIGHT'),
  ('32000000-0000-0000-0000-000000000003','20000000-0000-0000-0000-000000000002','0652-SW-A1-20''-2005 codo (bomba 621)','20','ELBOW_90'),
  ('32000000-0000-0000-0000-000000000004','20000000-0000-0000-0000-000000000002','0652-SW-A1-20''-2007 (bomba 622)','20','STRAIGHT'),
  ('32000000-0000-0000-0000-000000000005','20000000-0000-0000-0000-000000000002','0625-SW-A1-20''-2009 (bomba 623)','20','STRAIGHT'),
  ('32000000-0000-0000-0000-000000000006','20000000-0000-0000-0000-000000000002','0625-SW-A1-20''-2011 (bomba 624)','20','STRAIGHT'),
  ('32000000-0000-0000-0000-000000000007','20000000-0000-0000-0000-000000000002','0625-SW-A1-20''-2013 (bomba 625)','20','STRAIGHT'),
  ('32000000-0000-0000-0000-000000000008','20000000-0000-0000-0000-000000000002','0652-SW-A1-42''-2003','42','STRAIGHT'),
  ('32000000-0000-0000-0000-000000000009','20000000-0000-0000-0000-000000000002','0652-SW-A1-42''-2003 codo','42','ELBOW_90'),
  ('32000000-0000-0000-0000-000000000010','20000000-0000-0000-0000-000000000002','0652-SW-W4-16''-2006','16','STRAIGHT'),
  ('32000000-0000-0000-0000-000000000011','20000000-0000-0000-0000-000000000002','0652-SW-W4-16''-2008','16','STRAIGHT'),
  ('32000000-0000-0000-0000-000000000012','20000000-0000-0000-0000-000000000002','0625-SW-W4-16''-2012','16','STRAIGHT'),
  ('32000000-0000-0000-0000-000000000013','20000000-0000-0000-0000-000000000002','0652-SW-W4-30''-2004','30','STRAIGHT'),
  ('32000000-0000-0000-0000-000000000014','20000000-0000-0000-0000-000000000002','0652-SW-A1-24''-2002','24','STRAIGHT'),
  ('32000000-0000-0000-0000-000000000015','20000000-0000-0000-0000-000000000002','0652-SW-A1-24''-2002 codo','24','ELBOW_90'),
  ('32000000-0000-0000-0000-000000000016','20000000-0000-0000-0000-000000000002','0652-SW-W4-36''-2019','36','STRAIGHT');

-- ============================================================
-- PS2 — MEDICIONES
-- Tubería llegada 36"
INSERT INTO measurements (pipe_line_id, ring_number, angle_degrees, thickness_mm, measured_at) VALUES
  ('32000000-0000-0000-0000-000000000001','A1',  0,10.50,'2026-03-28'),
  ('32000000-0000-0000-0000-000000000001','A1', 45,10.50,'2026-03-28'),
  ('32000000-0000-0000-0000-000000000001','A1', 90,10.27,'2026-03-28'),
  ('32000000-0000-0000-0000-000000000001','A1',135,10.62,'2026-03-28'),
  ('32000000-0000-0000-0000-000000000001','A1',180,10.74,'2026-03-28'),
  ('32000000-0000-0000-0000-000000000001','A1',225,10.74,'2026-03-28'),
  ('32000000-0000-0000-0000-000000000001','A1',270,10.62,'2026-03-28'),
  ('32000000-0000-0000-0000-000000000001','A1',315,10.62,'2026-03-28'),
  ('32000000-0000-0000-0000-000000000001','A7',  0, 8.73,'2026-03-28'),
  ('32000000-0000-0000-0000-000000000001','A7', 90, 8.50,'2026-03-28'),
  ('32000000-0000-0000-0000-000000000001','A7',180, 8.73,'2026-03-28'),
  ('32000000-0000-0000-0000-000000000001','A7',270, 8.73,'2026-03-28');

-- Bomba 621 — línea 20" tramo recto
INSERT INTO measurements (pipe_line_id, ring_number, angle_degrees, thickness_mm, measured_at) VALUES
  ('32000000-0000-0000-0000-000000000002','A1',  0, 8.61,'2026-03-26'),
  ('32000000-0000-0000-0000-000000000002','A1', 45, 8.73,'2026-03-26'),
  ('32000000-0000-0000-0000-000000000002','A1', 90, 8.61,'2026-03-26'),
  ('32000000-0000-0000-0000-000000000002','A1',135, 8.85,'2026-03-26'),
  ('32000000-0000-0000-0000-000000000002','A1',180, 8.85,'2026-03-26'),
  ('32000000-0000-0000-0000-000000000002','A1',225, 8.97,'2026-03-26'),
  ('32000000-0000-0000-0000-000000000002','A1',270, 8.73,'2026-03-26'),
  ('32000000-0000-0000-0000-000000000002','A1',315, 8.61,'2026-03-26');

-- Bomba 621 — codos 90° (M6, M7, M8) — ZONA CRÍTICA 225°
INSERT INTO measurements (pipe_line_id, ring_number, angle_degrees, thickness_mm, measured_at) VALUES
  ('32000000-0000-0000-0000-000000000003','A6',   0,10.62,'2026-03-26'),
  ('32000000-0000-0000-0000-000000000003','A6',  45,10.03,'2026-03-26'),
  ('32000000-0000-0000-0000-000000000003','A6',  90, 9.79,'2026-03-26'),
  ('32000000-0000-0000-0000-000000000003','A6', 135,10.74,'2026-03-26'),
  ('32000000-0000-0000-0000-000000000003','A6', 180,10.15,'2026-03-26'),
  ('32000000-0000-0000-0000-000000000003','A6', 225, 7.79,'2026-03-26'),
  ('32000000-0000-0000-0000-000000000003','A6', 270,10.74,'2026-03-26'),
  ('32000000-0000-0000-0000-000000000003','A6', 315,10.27,'2026-03-26'),
  ('32000000-0000-0000-0000-000000000003','A7',   0,10.62,'2026-03-26'),
  ('32000000-0000-0000-0000-000000000003','A7',  45,10.62,'2026-03-26'),
  ('32000000-0000-0000-0000-000000000003','A7',  90, 9.91,'2026-03-26'),
  ('32000000-0000-0000-0000-000000000003','A7', 135,10.50,'2026-03-26'),
  ('32000000-0000-0000-0000-000000000003','A7', 180,10.03,'2026-03-26'),
  ('32000000-0000-0000-0000-000000000003','A7', 225, 7.91,'2026-03-26'),
  ('32000000-0000-0000-0000-000000000003','A7', 270,10.38,'2026-03-26'),
  ('32000000-0000-0000-0000-000000000003','A7', 315,10.03,'2026-03-26'),
  ('32000000-0000-0000-0000-000000000003','A8',   0,10.38,'2026-03-26'),
  ('32000000-0000-0000-0000-000000000003','A8',  45,10.62,'2026-03-26'),
  ('32000000-0000-0000-0000-000000000003','A8',  90, 9.79,'2026-03-26'),
  ('32000000-0000-0000-0000-000000000003','A8', 135,10.50,'2026-03-26'),
  ('32000000-0000-0000-0000-000000000003','A8', 180,10.03,'2026-03-26'),
  ('32000000-0000-0000-0000-000000000003','A8', 225, 8.14,'2026-03-26'),
  ('32000000-0000-0000-0000-000000000003','A8', 270,10.74,'2026-03-26'),
  ('32000000-0000-0000-0000-000000000003','A8', 315, 9.79,'2026-03-26');

-- Bomba 622 — línea 20"
INSERT INTO measurements (pipe_line_id, ring_number, angle_degrees, thickness_mm, measured_at) VALUES
  ('32000000-0000-0000-0000-000000000004','A1',  0, 8.73,'2026-03-27'),
  ('32000000-0000-0000-0000-000000000004','A1', 45, 8.73,'2026-03-27'),
  ('32000000-0000-0000-0000-000000000004','A1', 90, 8.85,'2026-03-27'),
  ('32000000-0000-0000-0000-000000000004','A1',135, 8.85,'2026-03-27'),
  ('32000000-0000-0000-0000-000000000004','A1',180, 8.61,'2026-03-27'),
  ('32000000-0000-0000-0000-000000000004','A1',225, 8.61,'2026-03-27'),
  ('32000000-0000-0000-0000-000000000004','A1',270, 8.61,'2026-03-27'),
  ('32000000-0000-0000-0000-000000000004','A1',315, 8.61,'2026-03-27'),
  ('32000000-0000-0000-0000-000000000004','A13', 0, 8.61,'2026-03-27'),
  ('32000000-0000-0000-0000-000000000004','A13',90, 8.26,'2026-03-27'),
  ('32000000-0000-0000-0000-000000000004','A13',180,8.61,'2026-03-27'),
  ('32000000-0000-0000-0000-000000000004','A13',270,8.50,'2026-03-27');

-- Bomba 625 — MÍNIMO GLOBAL PS2 (7.73 mm)
INSERT INTO measurements (pipe_line_id, ring_number, angle_degrees, thickness_mm, measured_at) VALUES
  ('32000000-0000-0000-0000-000000000007','A2',  0, 8.14,'2026-03-28'),
  ('32000000-0000-0000-0000-000000000007','A2', 90, 7.73,'2026-03-28'),
  ('32000000-0000-0000-0000-000000000007','A2',135, 9.32,'2026-03-28'),
  ('32000000-0000-0000-0000-000000000007','A2',180, 8.50,'2026-03-28'),
  ('32000000-0000-0000-0000-000000000007','A2',270, 8.21,'2026-03-28');

-- Manifold 42" PS2
INSERT INTO measurements (pipe_line_id, ring_number, angle_degrees, thickness_mm, measured_at) VALUES
  ('32000000-0000-0000-0000-000000000008','A1',  45,12.74,'2026-03-29'),
  ('32000000-0000-0000-0000-000000000008','A1',  90,12.51,'2026-03-29'),
  ('32000000-0000-0000-0000-000000000008','A1', 135,12.51,'2026-03-29'),
  ('32000000-0000-0000-0000-000000000008','A1', 180,12.63,'2026-03-29'),
  ('32000000-0000-0000-0000-000000000008','A1', 225,12.51,'2026-03-29'),
  ('32000000-0000-0000-0000-000000000008','A1', 270,12.51,'2026-03-29'),
  ('32000000-0000-0000-0000-000000000008','A1', 315,12.51,'2026-03-29'),
  ('32000000-0000-0000-0000-000000000008','A24',  0,12.27,'2026-03-29'),
  ('32000000-0000-0000-0000-000000000008','A24', 90,12.04,'2026-03-29'),
  ('32000000-0000-0000-0000-000000000008','A24',180,12.27,'2026-03-29'),
  ('32000000-0000-0000-0000-000000000008','A24',270,12.27,'2026-03-29');

-- Manifold 42" codos PS2
INSERT INTO measurements (pipe_line_id, ring_number, angle_degrees, thickness_mm, measured_at) VALUES
  ('32000000-0000-0000-0000-000000000009','A8',  45,14.04,'2026-03-29'),
  ('32000000-0000-0000-0000-000000000009','A8',  90,13.81,'2026-03-29'),
  ('32000000-0000-0000-0000-000000000009','A8', 135,13.92,'2026-03-29'),
  ('32000000-0000-0000-0000-000000000009','A8', 180,14.04,'2026-03-29'),
  ('32000000-0000-0000-0000-000000000009','A8', 225,13.69,'2026-03-29'),
  ('32000000-0000-0000-0000-000000000009','A8', 270,13.69,'2026-03-29'),
  ('32000000-0000-0000-0000-000000000009','A8', 315,13.81,'2026-03-29'),
  ('32000000-0000-0000-0000-000000000009','A9',  0,13.81,'2026-03-29'),
  ('32000000-0000-0000-0000-000000000009','A9', 45,13.69,'2026-03-29'),
  ('32000000-0000-0000-0000-000000000009','A9', 90,13.69,'2026-03-29'),
  ('32000000-0000-0000-0000-000000000009','A9',135,13.92,'2026-03-29'),
  ('32000000-0000-0000-0000-000000000009','A9',180,13.45,'2026-03-29'),
  ('32000000-0000-0000-0000-000000000009','A9',225,13.81,'2026-03-29'),
  ('32000000-0000-0000-0000-000000000009','A9',270,13.57,'2026-03-29'),
  ('32000000-0000-0000-0000-000000000009','A9',315,13.22,'2026-03-29');

-- Líneas 24" codos PS2
INSERT INTO measurements (pipe_line_id, ring_number, angle_degrees, thickness_mm, measured_at) VALUES
  ('32000000-0000-0000-0000-000000000015','A3',  0,  9.68,'2026-03-28'),
  ('32000000-0000-0000-0000-000000000015','A3', 45,  9.56,'2026-03-28'),
  ('32000000-0000-0000-0000-000000000015','A3', 90,  8.85,'2026-03-28'),
  ('32000000-0000-0000-0000-000000000015','A3',135,  9.44,'2026-03-28'),
  ('32000000-0000-0000-0000-000000000015','A3',180, 10.50,'2026-03-28'),
  ('32000000-0000-0000-0000-000000000015','A3',225,  9.56,'2026-03-28'),
  ('32000000-0000-0000-0000-000000000015','A3',270,  9.20,'2026-03-28'),
  ('32000000-0000-0000-0000-000000000015','A3',315,  9.44,'2026-03-28'),
  ('32000000-0000-0000-0000-000000000015','A8',  0,  8.50,'2026-03-28'),
  ('32000000-0000-0000-0000-000000000015','A8', 90,  8.38,'2026-03-28'),
  ('32000000-0000-0000-0000-000000000015','A8',180, 10.03,'2026-03-28'),
  ('32000000-0000-0000-0000-000000000015','A8',270,  9.09,'2026-03-28');

-- Tubería salida 36" PS2
INSERT INTO measurements (pipe_line_id, ring_number, angle_degrees, thickness_mm, measured_at) VALUES
  ('32000000-0000-0000-0000-000000000016','A1',  0,25.37,'2026-03-29'),
  ('32000000-0000-0000-0000-000000000016','A1', 45,25.25,'2026-03-29'),
  ('32000000-0000-0000-0000-000000000016','A1', 90,25.13,'2026-03-29'),
  ('32000000-0000-0000-0000-000000000016','A1',135,25.37,'2026-03-29'),
  ('32000000-0000-0000-0000-000000000016','A1',180,25.37,'2026-03-29'),
  ('32000000-0000-0000-0000-000000000016','A1',225,25.37,'2026-03-29'),
  ('32000000-0000-0000-0000-000000000016','A1',270,25.13,'2026-03-29'),
  ('32000000-0000-0000-0000-000000000016','A1',315,25.25,'2026-03-29'),
  ('32000000-0000-0000-0000-000000000016','A11',  0,19.00,'2026-03-29'),
  ('32000000-0000-0000-0000-000000000016','A11', 90,18.88,'2026-03-29'),
  ('32000000-0000-0000-0000-000000000016','A11',180,19.12,'2026-03-29'),
  ('32000000-0000-0000-0000-000000000016','A11',270,19.00,'2026-03-29');

-- ============================================================
-- VS2 — LÍNEAS
-- ============================================================
INSERT INTO pipe_lines (id, inspection_id, tag, diameter_inches, element_type) VALUES
  ('33000000-0000-0000-0000-000000000001','20000000-0000-0000-0000-000000000003','0625-CT-C5-8''-5001 (tee manifold)','8','TEE'),
  ('33000000-0000-0000-0000-000000000002','20000000-0000-0000-0000-000000000003','0625-CT-U5-4''-5007','4','STRAIGHT'),
  ('33000000-0000-0000-0000-000000000003','20000000-0000-0000-0000-000000000003','0625-CT-U5-4''-5007 codo','4','ELBOW_90'),
  ('33000000-0000-0000-0000-000000000004','20000000-0000-0000-0000-000000000003','0625-CT-U5-8''-5003 (salida TS)','8','STRAIGHT'),
  ('33000000-0000-0000-0000-000000000005','20000000-0000-0000-0000-000000000003','0625-CT-U5-10''-5003','10','STRAIGHT'),
  ('33000000-0000-0000-0000-000000000006','20000000-0000-0000-0000-000000000003','0625-CT-C5-8''-5002 (revestim. PU)','8','STRAIGHT');

-- ============================================================
-- VS2 — MEDICIONES
-- Tees 8" manifold (M6, M12)
INSERT INTO measurements (pipe_line_id, ring_number, angle_degrees, thickness_mm, measured_at) VALUES
  ('33000000-0000-0000-0000-000000000001','A6',  0,13.92,'2026-03-31'),
  ('33000000-0000-0000-0000-000000000001','A6', 45,13.92,'2026-03-31'),
  ('33000000-0000-0000-0000-000000000001','A6', 90,13.81,'2026-03-31'),
  ('33000000-0000-0000-0000-000000000001','A6',135,12.51,'2026-03-31'),
  ('33000000-0000-0000-0000-000000000001','A6',180,11.80,'2026-03-31'),
  ('33000000-0000-0000-0000-000000000001','A6',225,12.27,'2026-03-31'),
  ('33000000-0000-0000-0000-000000000001','A6',270,14.75,'2026-03-31'),
  ('33000000-0000-0000-0000-000000000001','A12', 45,14.04,'2026-03-31'),
  ('33000000-0000-0000-0000-000000000001','A12', 90,13.81,'2026-03-31'),
  ('33000000-0000-0000-0000-000000000001','A12',135,11.92,'2026-03-31'),
  ('33000000-0000-0000-0000-000000000001','A12',180,11.80,'2026-03-31'),
  ('33000000-0000-0000-0000-000000000001','A12',225,12.51,'2026-03-31'),
  ('33000000-0000-0000-0000-000000000001','A12',270,14.40,'2026-03-31');

-- 4" tramos rectos
INSERT INTO measurements (pipe_line_id, ring_number, angle_degrees, thickness_mm, measured_at) VALUES
  ('33000000-0000-0000-0000-000000000002','A1',  0,13.22,'2026-03-31'),
  ('33000000-0000-0000-0000-000000000002','A1', 45,13.10,'2026-03-31'),
  ('33000000-0000-0000-0000-000000000002','A1', 90,12.98,'2026-03-31'),
  ('33000000-0000-0000-0000-000000000002','A1',135,13.10,'2026-03-31'),
  ('33000000-0000-0000-0000-000000000002','A2',  0,13.22,'2026-03-31'),
  ('33000000-0000-0000-0000-000000000002','A2', 45,12.98,'2026-03-31'),
  ('33000000-0000-0000-0000-000000000002','A2', 90,12.86,'2026-03-31'),
  ('33000000-0000-0000-0000-000000000002','A2',135,12.86,'2026-03-31');

-- 4" codos 90° (M3, M4, M5)
INSERT INTO measurements (pipe_line_id, ring_number, angle_degrees, thickness_mm, measured_at) VALUES
  ('33000000-0000-0000-0000-000000000003','A3',  0,14.04,'2026-03-31'),
  ('33000000-0000-0000-0000-000000000003','A3', 45,15.10,'2026-03-31'),
  ('33000000-0000-0000-0000-000000000003','A3', 90,13.10,'2026-03-31'),
  ('33000000-0000-0000-0000-000000000003','A3',135,11.92,'2026-03-31'),
  ('33000000-0000-0000-0000-000000000003','A4',  0,14.04,'2026-03-31'),
  ('33000000-0000-0000-0000-000000000003','A4', 45,15.46,'2026-03-31'),
  ('33000000-0000-0000-0000-000000000003','A4', 90,12.98,'2026-03-31'),
  ('33000000-0000-0000-0000-000000000003','A4',135,12.04,'2026-03-31'),
  ('33000000-0000-0000-0000-000000000003','A5',  0,13.69,'2026-03-31'),
  ('33000000-0000-0000-0000-000000000003','A5', 45,15.10,'2026-03-31'),
  ('33000000-0000-0000-0000-000000000003','A5', 90,13.33,'2026-03-31'),
  ('33000000-0000-0000-0000-000000000003','A5',135,12.39,'2026-03-31');

-- 8" salida a TS — MÍNIMO GLOBAL VS2
INSERT INTO measurements (pipe_line_id, ring_number, angle_degrees, thickness_mm, measured_at) VALUES
  ('33000000-0000-0000-0000-000000000004','A8',  0,11.09,'2026-03-31'),
  ('33000000-0000-0000-0000-000000000004','A8', 45,10.86,'2026-03-31'),
  ('33000000-0000-0000-0000-000000000004','A8', 90,10.86,'2026-03-31'),
  ('33000000-0000-0000-0000-000000000004','A8',135,10.27,'2026-03-31'),
  ('33000000-0000-0000-0000-000000000004','A9',  0,10.86,'2026-03-31'),
  ('33000000-0000-0000-0000-000000000004','A9', 45,10.97,'2026-03-31'),
  ('33000000-0000-0000-0000-000000000004','A9', 90,10.97,'2026-03-31'),
  ('33000000-0000-0000-0000-000000000004','A9',135,10.38,'2026-03-31');

-- 10" cabezal
INSERT INTO measurements (pipe_line_id, ring_number, angle_degrees, thickness_mm, measured_at) VALUES
  ('33000000-0000-0000-0000-000000000005','A1',  0,24.90,'2026-03-31'),
  ('33000000-0000-0000-0000-000000000005','A1',135,24.07,'2026-03-31'),
  ('33000000-0000-0000-0000-000000000005','A2',  0,24.07,'2026-03-31'),
  ('33000000-0000-0000-0000-000000000005','A2',135,24.78,'2026-03-31');
